<?xml version="1.0" encoding="UTF-8"?>
<project-private xmlns="http://www.netbeans.org/ns/project-private/1">
    <editor-bookmarks xmlns="http://www.netbeans.org/ns/editor-bookmarks/2" lastBookmarkId="0"/>
    <open-files xmlns="http://www.netbeans.org/ns/projectui-open-files/2">
        <group>
            <file>file:/C:/Users/Dell/Dropbox/Mi%20PC%20(DESKTOP-I28V8O0)/Downloads/Pizzer_a_MonchaMixta/Pizzer_a_MonchaMixta/src/pizzería_monchamixta/Entrega.java</file>
            <file>file:/C:/Users/Dell/Dropbox/Mi%20PC%20(DESKTOP-I28V8O0)/Downloads/Pizzer_a_MonchaMixta/Pizzer_a_MonchaMixta/src/pizzería_monchamixta/Personalizar.java</file>
            <file>file:/C:/Users/Dell/Dropbox/Mi%20PC%20(DESKTOP-I28V8O0)/Downloads/Pizzer_a_MonchaMixta/Pizzer_a_MonchaMixta/src/pizzería_monchamixta/Pizzería_MonchaMixta.java</file>
            <file>file:/C:/Users/Dell/Dropbox/Mi%20PC%20(DESKTOP-I28V8O0)/Downloads/Pizzer_a_MonchaMixta/Pizzer_a_MonchaMixta/src/pizzería_monchamixta/Proveedor.java</file>
            <file>file:/C:/Users/Dell/Dropbox/Mi%20PC%20(DESKTOP-I28V8O0)/Downloads/Pizzer_a_MonchaMixta/Pizzer_a_MonchaMixta/src/pizzería_monchamixta/Pago.java</file>
            <file>file:/C:/Users/Dell/Dropbox/Mi%20PC%20(DESKTOP-I28V8O0)/Downloads/Pizzer_a_MonchaMixta/Pizzer_a_MonchaMixta/src/pizzería_monchamixta/Cliente.java</file>
        </group>
    </open-files>
</project-private>
